call_id,caller_number,receiver_number,timestamp,duration_seconds,cell_tower_id,call_type
CALL-000001,+919000011376,+919000011482,2026-03-02 00:31:29,83,CT-011,voice
CALL-000002,+919000016201,+919000017139,2026-03-02 01:08:24,287,CT-004,voice
CALL-000003,+919000016201,+919000017157,2026-03-02 01:16:12,106,CT-004,voice
CALL-000004,+919000017142,+919000017007,2026-03-02 01:16:45,137,CT-010,voice
CALL-000005,+919000016201,+919000017157,2026-03-02 01:50:56,420,CT-004,voice
CALL-000006,+919000017121,+919000016201,2026-03-02 02:12:52,259,CT-004,voice
CALL-000007,+919000017076,+919000016201,2026-03-02 02:59:19,298,CT-004,voice
CALL-000008,+919000017043,+919000017079,2026-03-02 03:01:47,291,CT-007,voice
CALL-000009,+919000016201,+919000017067,2026-03-02 04:14:23,40,CT-004,voice
CALL-000010,+919000017028,+919000017103,2026-03-02 08:35:36,0,CT-003,sms
CALL-000011,+919000017049,+919000017154,2026-03-02 09:19:25,503,CT-012,voice
CALL-000012,+919000017004,+919000017079,2026-03-02 09:22:13,50,CT-020,voice
CALL-000013,+919000017079,+919000017097,2026-03-02 10:02:00,133,CT-015,voice
CALL-000014,+919000016288,+919000015377,2026-03-02 10:33:25,265,CT-013,voice
CALL-000015,+919000017046,+919000017043,2026-03-02 10:43:23,0,CT-025,sms
CALL-000016,+919000016412,+919000016577,2026-03-02 11:08:19,271,CT-009,voice
CALL-000017,+919000017013,+919000014420,2026-03-02 11:39:56,0,CT-012,sms
CALL-000018,+919000014503,+919000014661,2026-03-02 12:17:39,259,CT-021,voice
CALL-000019,+919000018855,+919000017010,2026-03-02 14:27:48,224,CT-009,voice
CALL-000020,+919000018546,+919000017109,2026-03-02 16:11:05,593,CT-026,voice
CALL-000021,+919000011012,+919000011145,2026-03-02 16:12:13,168,CT-016,voice
CALL-000022,+919000017085,+919000017016,2026-03-02 21:56:31,510,CT-013,voice
CALL-000023,+919000017085,+919000017025,2026-03-02 22:52:40,536,CT-025,voice
CALL-000024,+919000017049,+919000017163,2026-03-02 23:49:01,0,CT-015,sms
CALL-000025,+919000017139,+919000016201,2026-03-03 01:35:50,68,CT-004,voice
CALL-000026,+919000017031,+919000016201,2026-03-03 01:54:42,55,CT-004,voice
CALL-000027,+919000018546,+919000015240,2026-03-03 04:24:32,0,CT-013,sms
CALL-000028,+919000017094,+919000017121,2026-03-03 04:59:15,0,CT-006,sms
CALL-000029,+919000014503,+919000014907,2026-03-03 05:24:56,0,CT-026,sms
CALL-000030,+919000017136,+919000016340,2026-03-03 08:23:56,446,CT-020,voice
CALL-000031,+919000011482,+919000011593,2026-03-03 12:26:22,0,CT-007,sms
CALL-000032,+919000014503,+919000015014,2026-03-03 13:15:51,579,CT-021,voice
CALL-000033,+919000018465,+919000017103,2026-03-03 18:51:40,278,CT-017,voice
CALL-000034,+919000017136,+919000016340,2026-03-03 18:56:42,453,CT-016,voice
CALL-000035,+919000014417,+919000014892,2026-03-03 19:07:00,41,CT-003,voice
CALL-000036,+919000011644,+919000011593,2026-03-03 22:58:43,0,CT-010,sms
CALL-000037,+919000016340,+919000016503,2026-03-04 00:37:20,517,CT-016,voice
CALL-000038,+919000014892,+919000014907,2026-03-04 01:18:57,0,CT-020,sms
CALL-000039,+919000016201,+919000017001,2026-03-04 01:22:56,317,CT-004,voice
CALL-000040,+919000016201,+919000017064,2026-03-04 02:11:53,99,CT-004,voice
CALL-000041,+919000016201,+919000017067,2026-03-04 02:21:10,414,CT-004,voice
CALL-000042,+919000016201,+919000017121,2026-03-04 02:55:58,397,CT-004,voice
CALL-000043,+919000017103,+919000017055,2026-03-04 03:21:53,339,CT-025,voice
CALL-000044,+919000017025,+919000016201,2026-03-04 03:27:41,190,CT-004,voice
CALL-000045,+919000014420,+919000017031,2026-03-04 04:04:21,0,CT-003,sms
CALL-000046,+919000016340,+919000017073,2026-03-04 04:08:33,125,CT-016,voice
CALL-000047,+919000016201,+919000017001,2026-03-04 04:14:41,182,CT-004,voice
CALL-000048,+919000016340,+919000017151,2026-03-04 06:54:28,611,CT-016,voice
CALL-000049,+919000017151,+919000017097,2026-03-04 07:02:21,524,CT-009,voice
CALL-000050,+919000016340,+919000017055,2026-03-04 07:32:08,342,CT-016,voice
CALL-000051,+919000011238,+919000011593,2026-03-04 09:30:29,111,CT-012,voice
CALL-000052,+919000017085,+919000017025,2026-03-04 10:49:26,0,CT-020,sms
CALL-000053,+919000016288,+919000017052,2026-03-04 11:18:00,157,CT-013,voice
CALL-000054,+919000014417,+919000015014,2026-03-04 13:21:16,161,CT-003,voice
CALL-000055,+919000016412,+919000016577,2026-03-04 14:50:01,185,CT-009,voice
CALL-000056,+919000014503,+919000014907,2026-03-04 17:32:05,351,CT-025,voice
CALL-000057,+919000011012,+919000011238,2026-03-04 21:17:57,31,CT-001,voice
CALL-000058,+919000017121,+919000014661,2026-03-04 22:46:23,539,CT-026,voice
CALL-000059,+919000016201,+919000017130,2026-03-04 23:59:26,199,CT-004,voice
CALL-000060,+919000016201,+919000017121,2026-03-05 01:11:23,133,CT-004,voice
CALL-000061,+919000017139,+919000016201,2026-03-05 03:33:10,96,CT-004,voice
CALL-000062,+919000016201,+919000017058,2026-03-05 03:33:32,174,CT-004,voice
CALL-000063,+919000016340,+919000017106,2026-03-05 06:24:00,494,CT-016,voice
CALL-000064,+919000017052,+919000017028,2026-03-05 08:02:40,355,CT-026,voice
CALL-000065,+919000011644,+919000017088,2026-03-05 08:05:49,315,CT-010,voice
CALL-000066,+919000017070,+919000017115,2026-03-05 10:12:56,191,CT-014,voice
CALL-000067,+919000011012,+919000014417,2026-03-05 11:42:00,214,CT-001,voice
CALL-000068,+919000017100,+919000017127,2026-03-05 12:13:21,269,CT-022,voice
CALL-000069,+919000017031,+919000017091,2026-03-05 16:34:29,160,CT-003,voice
CALL-000070,+919000015240,+919000017118,2026-03-05 19:18:48,18,CT-005,voice
CALL-000071,+919000017028,+919000017025,2026-03-05 19:48:14,468,CT-005,voice
CALL-000072,+919000017001,+919000016201,2026-03-06 01:17:11,96,CT-004,voice
CALL-000073,+919000016201,+919000017076,2026-03-06 02:26:17,392,CT-004,voice
CALL-000074,+919000016201,+919000017121,2026-03-06 02:37:48,299,CT-004,voice
CALL-000075,+919000017076,+919000016201,2026-03-06 03:44:39,259,CT-004,voice
CALL-000076,+919000017022,+919000016201,2026-03-06 06:36:34,161,CT-005,voice
CALL-000077,+919000011012,+919000011238,2026-03-06 08:46:41,134,CT-024,voice
CALL-000078,+919000016412,+919000016201,2026-03-06 10:11:24,483,CT-009,voice
CALL-000079,+919000017037,+919000017097,2026-03-06 10:17:25,0,CT-023,sms
CALL-000080,+919000016288,+919000017010,2026-03-06 10:53:00,557,CT-013,voice
CALL-000081,+919000014417,+919000014892,2026-03-06 14:12:00,120,CT-003,voice
CALL-000082,+919000011145,+919000011238,2026-03-06 18:26:33,503,CT-022,voice
CALL-000083,+919000017022,+919000016201,2026-03-06 20:13:48,0,CT-021,sms
CALL-000084,+919000017016,+919000014417,2026-03-07 01:19:45,0,CT-014,sms
CALL-000085,+919000017148,+919000017154,2026-03-07 02:36:56,419,CT-018,voice
CALL-000086,+919000017016,+919000016201,2026-03-07 02:40:00,249,CT-004,voice
CALL-000087,+919000016201,+919000017016,2026-03-07 03:38:42,380,CT-004,voice
CALL-000088,+919000017016,+919000016201,2026-03-07 03:44:46,239,CT-004,voice
CALL-000089,+919000014503,+919000017148,2026-03-07 05:43:48,560,CT-023,voice
CALL-000090,+919000011482,+919000011593,2026-03-07 06:52:43,0,CT-007,sms
CALL-000091,+919000014503,+919000014907,2026-03-07 07:14:45,347,CT-008,voice
CALL-000092,+919000018855,+919000017010,2026-03-07 09:18:23,305,CT-026,voice
CALL-000093,+919000017013,+919000017040,2026-03-07 10:00:46,253,CT-010,voice
CALL-000094,+919000016201,+919000017121,2026-03-07 10:27:16,473,CT-004,voice
CALL-000095,+919000011376,+919000011482,2026-03-07 14:24:42,0,CT-011,sms
CALL-000096,+919000017142,+919000015014,2026-03-07 15:25:51,70,CT-001,voice
CALL-000097,+919000014503,+919000015014,2026-03-07 16:41:46,341,CT-021,voice
CALL-000098,+919000014892,+919000014907,2026-03-07 16:44:50,0,CT-020,sms
CALL-000099,+919000017142,+919000014907,2026-03-07 17:39:20,548,CT-017,voice
CALL-000100,+919000016340,+919000017124,2026-03-07 19:27:55,613,CT-016,voice
CALL-000101,+919000014417,+919000014503,2026-03-07 21:25:20,0,CT-003,sms
CALL-000102,+919000016201,+919000017001,2026-03-08 01:34:36,406,CT-004,voice
CALL-000103,+919000016201,+919000017016,2026-03-08 01:37:13,209,CT-004,voice
CALL-000104,+919000016201,+919000017025,2026-03-08 01:44:21,255,CT-004,voice
CALL-000105,+919000016201,+919000017121,2026-03-08 02:05:51,75,CT-004,voice
CALL-000106,+919000016201,+919000017139,2026-03-08 04:22:38,140,CT-004,voice
CALL-000107,+919000016201,+919000017067,2026-03-08 04:29:05,361,CT-004,voice
CALL-000108,+919000017010,+919000017124,2026-03-08 05:53:36,0,CT-022,sms
CALL-000109,+919000011012,+919000011644,2026-03-08 06:47:37,131,CT-001,voice
CALL-000110,+919000018465,+919000017103,2026-03-08 07:59:53,517,CT-011,voice
CALL-000111,+919000017154,+919000017151,2026-03-08 09:01:58,179,CT-023,voice
CALL-000112,+919000017043,+919000017079,2026-03-08 09:03:52,552,CT-018,voice
CALL-000113,+919000017145,+919000015240,2026-03-08 10:06:17,0,CT-010,sms
CALL-000114,+919000016340,+919000017037,2026-03-08 17:44:52,283,CT-018,voice
CALL-000115,+919000016503,+919000016577,2026-03-08 20:22:27,65,CT-007,voice
CALL-000116,+919000017085,+919000017016,2026-03-08 20:35:17,133,CT-010,voice
CALL-000117,+919000016340,+919000017145,2026-03-09 00:46:34,579,CT-016,voice
CALL-000118,+919000017148,+919000016201,2026-03-09 02:47:02,203,CT-004,voice
CALL-000119,+919000017055,+919000017061,2026-03-09 03:45:39,0,CT-017,sms
CALL-000120,+919000014417,+919000015014,2026-03-09 04:13:57,281,CT-003,voice
CALL-000121,+919000016201,+919000017124,2026-03-09 04:22:49,292,CT-004,voice
CALL-000122,+919000011012,+919000011644,2026-03-09 09:19:20,30,CT-001,voice
CALL-000123,+919000017136,+919000016340,2026-03-09 13:00:18,177,CT-007,voice
CALL-000124,+919000016340,+919000017055,2026-03-09 13:17:30,534,CT-016,voice
CALL-000125,+919000014417,+919000014892,2026-03-09 15:09:00,69,CT-003,voice
CALL-000126,+919000016288,+919000018855,2026-03-09 15:59:21,501,CT-013,voice
CALL-000127,+919000011145,+919000017031,2026-03-09 17:16:19,0,CT-022,sms
CALL-000128,+919000011012,+919000011376,2026-03-09 17:47:09,524,CT-005,voice
CALL-000129,+919000011012,+919000014417,2026-03-09 19:03:00,96,CT-001,voice
CALL-000130,+919000017052,+919000017139,2026-03-09 20:15:30,0,CT-018,sms
CALL-000131,+919000017082,+919000014420,2026-03-09 20:31:10,535,CT-010,voice
CALL-000132,+919000017100,+919000017160,2026-03-09 20:39:30,88,CT-009,voice
CALL-000133,+919000014503,+919000015014,2026-03-09 20:49:24,107,CT-021,voice
CALL-000134,+919000014892,+919000014907,2026-03-09 21:57:50,593,CT-020,voice
CALL-000135,+919000017031,+919000017151,2026-03-09 23:40:29,460,CT-015,voice
CALL-000136,+919000017022,+919000018546,2026-03-10 00:07:07,406,CT-013,voice
CALL-000137,+919000011376,+919000017145,2026-03-10 00:22:27,0,CT-011,sms
CALL-000138,+919000011376,+919000011482,2026-03-10 01:07:26,0,CT-011,sms
CALL-000139,+919000016201,+919000017031,2026-03-10 01:21:53,409,CT-004,voice
CALL-000140,+919000017124,+919000016201,2026-03-10 01:55:52,136,CT-004,voice
CALL-000141,+919000016201,+919000017157,2026-03-10 01:59:14,206,CT-004,voice
CALL-000142,+919000018429,+919000018546,2026-03-10 02:11:56,0,CT-007,sms
CALL-000143,+919000016201,+919000017148,2026-03-10 04:09:54,288,CT-004,voice
CALL-000144,+919000016503,+919000015014,2026-03-10 04:34:19,0,CT-007,sms
CALL-000145,+919000017016,+919000014417,2026-03-10 07:57:54,375,CT-024,voice
CALL-000146,+919000018429,+919000014907,2026-03-10 08:22:46,559,CT-022,voice
CALL-000147,+919000017145,+919000017055,2026-03-10 12:44:09,160,CT-017,voice
CALL-000148,+919000017100,+919000017061,2026-03-10 13:17:25,398,CT-006,voice
CALL-000149,+919000011644,+919000017088,2026-03-10 13:38:23,490,CT-010,voice
CALL-000150,+919000016288,+919000017010,2026-03-10 14:50:00,119,CT-013,voice
CALL-000151,+919000011376,+919000011482,2026-03-10 17:29:54,431,CT-011,voice
CALL-000152,+919000016340,+919000017061,2026-03-10 18:19:01,309,CT-016,voice
CALL-000153,+919000017100,+919000017064,2026-03-10 18:44:58,0,CT-017,sms
CALL-000154,+919000017094,+919000017121,2026-03-10 18:56:16,0,CT-018,sms
CALL-000155,+919000017151,+919000017097,2026-03-10 20:44:48,273,CT-001,voice
CALL-000156,+919000011012,+919000011644,2026-03-10 23:48:07,206,CT-016,voice
CALL-000157,+919000016201,+919000017139,2026-03-11 01:19:02,84,CT-004,voice
CALL-000158,+919000017031,+919000016201,2026-03-11 01:53:27,92,CT-004,voice
CALL-000159,+919000017025,+919000016201,2026-03-11 02:03:27,366,CT-004,voice
CALL-000160,+919000016201,+919000017148,2026-03-11 02:27:36,41,CT-004,voice
CALL-000161,+919000017028,+919000016201,2026-03-11 03:13:15,285,CT-004,voice
CALL-000162,+919000016340,+919000017037,2026-03-11 11:27:58,0,CT-016,sms
CALL-000163,+919000014661,+919000014892,2026-03-11 11:42:55,543,CT-016,voice
CALL-000164,+919000014417,+919000011145,2026-03-11 15:20:00,287,CT-003,voice
CALL-000165,+919000014417,+919000014892,2026-03-11 17:07:00,33,CT-003,voice
CALL-000166,+919000011482,+919000017061,2026-03-11 17:58:14,357,CT-003,voice
CALL-000167,+919000011145,+919000011376,2026-03-11 18:38:55,334,CT-022,voice
CALL-000168,+919000017163,+919000016201,2026-03-11 21:52:54,608,CT-017,voice
CALL-000169,+919000018429,+919000017148,2026-03-12 01:30:56,575,CT-010,voice
CALL-000170,+919000016340,+919000017037,2026-03-12 01:41:06,47,CT-016,voice
CALL-000171,+919000017025,+919000016201,2026-03-12 02:28:06,128,CT-004,voice
CALL-000172,+919000017016,+919000016201,2026-03-12 02:47:18,83,CT-004,voice
CALL-000173,+919000016201,+919000017076,2026-03-12 03:14:39,62,CT-004,voice
CALL-000174,+919000017139,+919000016201,2026-03-12 03:25:07,239,CT-004,voice
CALL-000175,+919000016201,+919000017016,2026-03-12 03:51:46,274,CT-004,voice
CALL-000176,+919000017085,+919000017025,2026-03-12 05:21:17,326,CT-003,voice
CALL-000177,+919000017040,+919000017118,2026-03-12 08:56:54,0,CT-015,sms
CALL-000178,+919000018546,+919000017109,2026-03-12 09:02:52,486,CT-016,voice
CALL-000179,+919000017133,+919000014661,2026-03-12 09:37:05,0,CT-024,sms
CALL-000180,+919000016288,+919000017052,2026-03-12 11:33:00,103,CT-013,voice
CALL-000181,+919000014503,+919000014907,2026-03-12 16:25:55,566,CT-010,voice
CALL-000182,+919000014503,+919000014661,2026-03-12 18:03:38,0,CT-021,sms
CALL-000183,+919000017148,+919000017085,2026-03-12 18:13:02,374,CT-020,voice
CALL-000184,+919000011482,+919000011593,2026-03-12 18:19:14,594,CT-007,voice
CALL-000185,+919000016412,+919000017118,2026-03-12 21:46:31,0,CT-022,sms
CALL-000186,+919000016288,+919000015377,2026-03-12 22:29:20,0,CT-013,sms
CALL-000187,+919000011482,+919000016288,2026-03-12 23:22:51,0,CT-007,sms
CALL-000188,+919000014420,+919000017031,2026-03-12 23:55:57,0,CT-003,sms
CALL-000189,+919000016201,+919000017031,2026-03-13 01:19:24,355,CT-004,voice
CALL-000190,+919000016201,+919000017064,2026-03-13 01:23:05,392,CT-004,voice
CALL-000191,+919000017025,+919000016201,2026-03-13 01:40:10,169,CT-004,voice
CALL-000192,+919000016201,+919000017016,2026-03-13 02:25:27,140,CT-004,voice
CALL-000193,+919000017028,+919000016201,2026-03-13 03:13:49,104,CT-004,voice
CALL-000194,+919000017067,+919000016201,2026-03-13 03:29:29,156,CT-004,voice
CALL-000195,+919000017079,+919000014907,2026-03-13 03:37:29,0,CT-009,sms
CALL-000196,+919000011012,+919000011376,2026-03-13 03:56:55,586,CT-024,voice
CALL-000197,+919000017130,+919000017103,2026-03-13 04:06:22,0,CT-009,sms
CALL-000198,+919000017121,+919000017052,2026-03-13 06:14:21,375,CT-012,voice
CALL-000199,+919000011012,+919000011644,2026-03-13 06:38:33,0,CT-001,sms
CALL-000200,+919000011145,+919000011376,2026-03-13 07:32:47,280,CT-002,voice
CALL-000201,+919000014503,+919000015014,2026-03-13 08:45:59,348,CT-021,voice
CALL-000202,+919000014503,+919000014661,2026-03-13 10:31:21,46,CT-016,voice
CALL-000203,+919000011012,+919000011376,2026-03-13 11:09:36,349,CT-001,voice
CALL-000204,+919000017007,+919000017043,2026-03-13 11:26:25,266,CT-013,voice
CALL-000205,+919000017145,+919000017055,2026-03-13 11:28:58,148,CT-010,voice
CALL-000206,+919000014417,+919000014892,2026-03-13 15:55:00,137,CT-003,voice
CALL-000207,+919000017163,+919000016201,2026-03-13 18:58:17,0,CT-012,sms
CALL-000208,+919000017043,+919000017079,2026-03-13 20:23:13,571,CT-004,voice
CALL-000209,+919000017148,+919000017085,2026-03-14 06:03:06,55,CT-003,voice
CALL-000210,+919000015123,+919000014892,2026-03-14 07:03:32,0,CT-019,sms
CALL-000211,+919000017145,+919000017034,2026-03-14 08:30:12,0,CT-006,sms
CALL-000212,+919000017001,+919000016577,2026-03-14 09:15:30,574,CT-005,voice
CALL-000213,+919000017154,+919000016340,2026-03-14 10:51:03,129,CT-009,voice
CALL-000214,+919000018546,+919000015240,2026-03-14 11:50:47,502,CT-007,voice
CALL-000215,+919000017046,+919000017043,2026-03-14 12:03:36,343,CT-020,voice
CALL-000216,+919000017100,+919000017064,2026-03-14 14:12:37,404,CT-021,voice
CALL-000217,+919000017046,+919000011376,2026-03-14 15:21:14,456,CT-011,voice
CALL-000218,+919000011012,+919000014417,2026-03-14 16:28:00,487,CT-017,voice
CALL-000219,+919000014503,+919000014907,2026-03-14 16:36:32,335,CT-021,voice
CALL-000220,+919000011012,+919000014417,2026-03-14 20:51:00,173,CT-001,voice
CALL-000221,+919000014503,+919000014907,2026-03-14 21:10:36,466,CT-021,voice
CALL-000222,+919000017055,+919000016340,2026-03-14 21:17:27,0,CT-020,sms
CALL-000223,+919000017025,+919000016201,2026-03-15 01:22:21,163,CT-004,voice
CALL-000224,+919000016201,+919000017124,2026-03-15 01:35:59,389,CT-004,voice
CALL-000225,+919000017031,+919000016201,2026-03-15 02:28:29,327,CT-004,voice
CALL-000226,+919000017028,+919000016201,2026-03-15 03:15:18,135,CT-004,voice
CALL-000227,+919000018855,+919000017010,2026-03-15 03:17:06,320,CT-002,voice
CALL-000228,+919000016201,+919000017124,2026-03-15 03:19:59,171,CT-004,voice
CALL-000229,+919000017160,+919000017025,2026-03-15 08:35:56,339,CT-025,voice
CALL-000230,+919000017085,+919000017076,2026-03-15 12:19:40,121,CT-014,voice
CALL-000231,+919000016340,+919000017034,2026-03-15 12:35:06,114,CT-016,voice
CALL-000232,+919000016288,+919000017052,2026-03-15 13:17:00,433,CT-013,voice
CALL-000233,+919000014417,+919000018465,2026-03-15 13:33:45,441,CT-003,voice
CALL-000234,+919000014417,+919000015014,2026-03-15 15:03:34,318,CT-003,voice
CALL-000235,+919000015240,+919000017118,2026-03-15 16:51:03,292,CT-021,voice
CALL-000236,+919000016412,+919000016577,2026-03-15 17:52:26,577,CT-009,voice
CALL-000237,+919000014892,+919000014907,2026-03-15 21:06:51,376,CT-004,voice
CALL-000238,+919000011145,+919000011238,2026-03-15 21:35:09,179,CT-022,voice
CALL-000239,+919000018429,+919000017148,2026-03-15 23:09:27,311,CT-007,voice
CALL-000240,+919000011482,+919000017061,2026-03-16 00:00:50,235,CT-003,voice
CALL-000241,+919000017157,+919000016201,2026-03-16 01:48:32,158,CT-004,voice
CALL-000242,+919000011644,+919000011593,2026-03-16 02:04:42,487,CT-010,voice
CALL-000243,+919000017058,+919000016201,2026-03-16 03:12:47,55,CT-004,voice
CALL-000244,+919000017076,+919000016201,2026-03-16 03:44:40,49,CT-004,voice
CALL-000245,+919000016201,+919000017025,2026-03-16 03:51:58,108,CT-004,voice
CALL-000246,+919000017031,+919000016201,2026-03-16 04:47:56,355,CT-004,voice
CALL-000247,+919000016503,+919000017028,2026-03-16 05:06:57,92,CT-002,voice
CALL-000248,+919000011593,+919000017097,2026-03-16 07:22:57,0,CT-008,sms
CALL-000249,+919000014417,+919000014892,2026-03-16 11:06:00,44,CT-003,voice
CALL-000250,+919000017022,+919000017049,2026-03-16 11:46:26,637,CT-024,voice
CALL-000251,+919000011701,+919000014420,2026-03-16 12:11:00,161,CT-001,voice
CALL-000252,+919000017055,+919000017061,2026-03-16 12:30:26,216,CT-006,voice
CALL-000253,+919000017139,+919000017085,2026-03-16 13:19:42,639,CT-010,voice
CALL-000254,+919000011593,+919000017070,2026-03-16 16:34:22,0,CT-008,sms
CALL-000255,+919000011376,+919000011482,2026-03-16 18:30:11,399,CT-011,voice
CALL-000256,+919000017070,+919000011593,2026-03-16 18:45:40,623,CT-018,voice
CALL-000257,+919000014892,+919000014907,2026-03-16 22:00:28,317,CT-020,voice
CALL-000258,+919000011376,+919000011482,2026-03-16 23:27:56,135,CT-024,voice
CALL-000259,+919000017013,+919000014420,2026-03-17 00:53:37,352,CT-015,voice
CALL-000260,+919000017139,+919000016201,2026-03-17 02:00:49,96,CT-004,voice
CALL-000261,+919000017031,+919000017121,2026-03-17 02:49:02,67,CT-020,voice
CALL-000262,+919000016201,+919000017148,2026-03-17 02:54:02,126,CT-004,voice
CALL-000263,+919000016201,+919000017067,2026-03-17 02:55:43,178,CT-004,voice
CALL-000264,+919000017115,+919000017118,2026-03-17 03:26:55,0,CT-006,sms
CALL-000265,+919000016201,+919000017016,2026-03-17 03:55:51,104,CT-004,voice
CALL-000266,+919000016201,+919000017139,2026-03-17 03:57:53,72,CT-004,voice
CALL-000267,+919000016201,+919000017031,2026-03-17 04:33:58,48,CT-004,voice
CALL-000268,+919000016201,+919000017121,2026-03-17 05:04:08,502,CT-017,voice
CALL-000269,+919000014892,+919000014417,2026-03-17 06:46:05,179,CT-020,voice
CALL-000270,+919000014892,+919000014417,2026-03-17 06:48:21,104,CT-020,voice
CALL-000271,+919000014417,+919000014892,2026-03-17 07:02:18,155,CT-003,voice
CALL-000272,+919000014892,+919000014417,2026-03-17 08:19:10,0,CT-020,sms
CALL-000273,+919000014417,+919000014892,2026-03-17 09:04:59,126,CT-003,voice
CALL-000274,+919000017127,+919000017010,2026-03-17 09:26:40,0,CT-016,sms
CALL-000275,+919000014417,+919000014892,2026-03-17 09:56:40,138,CT-003,voice
CALL-000276,+919000014892,+919000014417,2026-03-17 10:13:12,184,CT-020,voice
CALL-000277,+919000014417,+919000014892,2026-03-17 10:18:34,77,CT-003,voice
CALL-000278,+919000014417,+919000014892,2026-03-17 11:09:17,114,CT-003,voice
CALL-000279,+919000011644,+919000011593,2026-03-17 11:24:30,0,CT-010,sms
CALL-000280,+919000016503,+919000015377,2026-03-17 11:25:29,288,CT-007,voice
CALL-000281,+919000014892,+919000014417,2026-03-17 11:31:29,0,CT-020,sms
CALL-000282,+919000014417,+919000014892,2026-03-17 12:03:14,183,CT-003,voice
CALL-000283,+919000014417,+919000014892,2026-03-17 12:13:50,31,CT-001,voice
CALL-000284,+919000014892,+919000014417,2026-03-17 13:02:30,192,CT-015,voice
CALL-000285,+919000014892,+919000014417,2026-03-17 13:41:55,182,CT-020,voice
CALL-000286,+919000014417,+919000014892,2026-03-17 14:09:49,51,CT-003,voice
CALL-000287,+919000014892,+919000014417,2026-03-17 14:40:38,195,CT-001,voice
CALL-000288,+919000014417,+919000014892,2026-03-17 15:25:10,0,CT-003,sms
CALL-000289,+919000014892,+919000014417,2026-03-17 15:29:11,16,CT-003,voice
CALL-000290,+919000014503,+919000014661,2026-03-17 16:17:59,59,CT-021,voice
CALL-000291,+919000014892,+919000014417,2026-03-17 16:19:58,121,CT-020,voice
CALL-000292,+919000014417,+919000014892,2026-03-17 16:54:19,0,CT-003,sms
CALL-000293,+919000014892,+919000014417,2026-03-17 17:53:14,113,CT-020,voice
CALL-000294,+919000014417,+919000014892,2026-03-17 18:11:04,59,CT-003,voice
CALL-000295,+919000017022,+919000018546,2026-03-17 18:34:33,115,CT-024,voice
CALL-000296,+919000014892,+919000014417,2026-03-17 18:48:06,0,CT-020,sms
CALL-000297,+919000014892,+919000014417,2026-03-17 19:19:12,0,CT-020,sms
CALL-000298,+919000017043,+919000017079,2026-03-17 19:40:46,104,CT-022,voice
CALL-000299,+919000014892,+919000014417,2026-03-17 19:52:42,194,CT-020,voice
CALL-000300,+919000014417,+919000014892,2026-03-17 20:15:12,86,CT-003,voice
CALL-000301,+919000014417,+919000014892,2026-03-17 20:48:57,182,CT-003,voice
CALL-000302,+919000014417,+919000014892,2026-03-17 21:24:45,206,CT-003,voice
CALL-000303,+919000014417,+919000014503,2026-03-17 21:30:44,279,CT-003,voice
CALL-000304,+919000014892,+919000014417,2026-03-17 22:48:58,128,CT-020,voice
CALL-000305,+919000014892,+919000014417,2026-03-17 22:50:20,79,CT-020,voice
CALL-000306,+919000017154,+919000016340,2026-03-18 02:28:36,0,CT-016,sms
CALL-000307,+919000018465,+919000017079,2026-03-18 03:51:53,420,CT-012,voice
CALL-000308,+919000017061,+919000017106,2026-03-18 05:10:04,13,CT-010,voice
CALL-000309,+919000017049,+919000018465,2026-03-18 05:47:35,485,CT-006,voice
CALL-000310,+919000017070,+919000017115,2026-03-18 06:00:50,209,CT-005,voice
CALL-000311,+919000014417,+919000014892,2026-03-18 06:14:10,24,CT-003,voice
CALL-000312,+919000014892,+919000014417,2026-03-18 06:36:53,133,CT-020,voice
CALL-000313,+919000014417,+919000014892,2026-03-18 07:22:30,141,CT-003,voice
CALL-000314,+919000014892,+919000014417,2026-03-18 07:44:45,0,CT-020,sms
CALL-000315,+919000014417,+919000014892,2026-03-18 08:25:17,0,CT-003,sms
CALL-000316,+919000014417,+919000014892,2026-03-18 09:36:27,54,CT-009,voice
CALL-000317,+919000014892,+919000014417,2026-03-18 09:38:17,53,CT-020,voice
CALL-000318,+919000014892,+919000014417,2026-03-18 10:08:52,153,CT-020,voice
CALL-000319,+919000017145,+919000017034,2026-03-18 10:17:30,31,CT-023,voice
CALL-000320,+919000014892,+919000014417,2026-03-18 10:48:23,99,CT-020,voice
CALL-000321,+919000014892,+919000014417,2026-03-18 11:40:18,149,CT-016,voice
CALL-000322,+919000014417,+919000014892,2026-03-18 11:57:11,0,CT-003,sms
CALL-000323,+919000014892,+919000014417,2026-03-18 12:07:19,40,CT-020,voice
CALL-000324,+919000014503,+919000014907,2026-03-18 12:28:49,269,CT-021,voice
CALL-000325,+919000016340,+919000011593,2026-03-18 13:21:16,68,CT-016,voice
CALL-000326,+919000017031,+919000017121,2026-03-18 13:38:49,477,CT-021,voice
CALL-000327,+919000014417,+919000014892,2026-03-18 13:42:58,29,CT-003,voice
CALL-000328,+919000014417,+919000014892,2026-03-18 13:56:06,207,CT-021,voice
CALL-000329,+919000014417,+919000014892,2026-03-18 14:44:23,0,CT-025,sms
CALL-000330,+919000014417,+919000014892,2026-03-18 15:08:49,155,CT-003,voice
CALL-000331,+919000014417,+919000014892,2026-03-18 15:24:53,145,CT-023,voice
CALL-000332,+919000014892,+919000014907,2026-03-18 15:31:22,498,CT-020,voice
CALL-000333,+919000014417,+919000014892,2026-03-18 16:21:16,0,CT-003,sms
CALL-000334,+919000014503,+919000014907,2026-03-18 16:35:49,52,CT-002,voice
CALL-000335,+919000017031,+919000017151,2026-03-18 17:01:14,411,CT-017,voice
CALL-000336,+919000014417,+919000014892,2026-03-18 17:21:26,89,CT-003,voice
CALL-000337,+919000014417,+919000014892,2026-03-18 17:25:47,25,CT-021,voice
CALL-000338,+919000016340,+919000017058,2026-03-18 18:00:09,542,CT-016,voice
CALL-000339,+919000014892,+919000014417,2026-03-18 18:13:36,105,CT-020,voice
CALL-000340,+919000014417,+919000014892,2026-03-18 18:41:56,124,CT-005,voice
CALL-000341,+919000014892,+919000014417,2026-03-18 19:10:34,77,CT-003,voice
CALL-000342,+919000014417,+919000014892,2026-03-18 19:52:56,75,CT-003,voice
CALL-000343,+919000017055,+919000017061,2026-03-18 20:28:25,316,CT-021,voice
CALL-000344,+919000014892,+919000014417,2026-03-18 20:45:06,129,CT-020,voice
CALL-000345,+919000011593,+919000017154,2026-03-18 21:11:41,465,CT-008,voice
CALL-000346,+919000014417,+919000014892,2026-03-18 21:32:27,59,CT-025,voice
CALL-000347,+919000014892,+919000014417,2026-03-18 21:45:10,0,CT-020,sms
CALL-000348,+919000014892,+919000014417,2026-03-18 22:39:03,156,CT-020,voice
CALL-000349,+919000014892,+919000014417,2026-03-18 22:56:25,24,CT-020,voice
CALL-000350,+919000014420,+919000017031,2026-03-18 23:03:48,312,CT-003,voice
CALL-000351,+919000017133,+919000014661,2026-03-18 23:17:33,0,CT-026,sms
CALL-000352,+919000017022,+919000016201,2026-03-19 00:09:02,285,CT-016,voice
CALL-000353,+919000015377,+919000017034,2026-03-19 01:54:39,611,CT-021,voice
CALL-000354,+919000018429,+919000014417,2026-03-19 05:42:10,466,CT-018,voice
CALL-000355,+919000017121,+919000014661,2026-03-19 08:15:33,24,CT-014,voice
CALL-000356,+919000014661,+919000015123,2026-03-19 08:35:26,0,CT-016,sms
CALL-000357,+919000017157,+919000017133,2026-03-19 08:54:05,253,CT-019,voice
CALL-000358,+919000018546,+919000017109,2026-03-19 09:07:06,342,CT-022,voice
CALL-000359,+919000014417,+919000014503,2026-03-19 11:01:30,82,CT-003,voice
CALL-000360,+919000016288,+919000017010,2026-03-19 11:16:00,669,CT-013,voice
CALL-000361,+919000014420,+919000017031,2026-03-19 14:35:04,204,CT-003,voice
CALL-000362,+919000017049,+919000018465,2026-03-19 18:50:33,281,CT-018,voice
CALL-000363,+919000014892,+919000014417,2026-03-19 20:41:00,22,CT-019,voice
CALL-000364,+919000014661,+919000015123,2026-03-19 21:12:03,44,CT-014,voice
CALL-000365,+919000014503,+919000015014,2026-03-19 21:22:09,131,CT-015,voice
CALL-000366,+919000014661,+919000014503,2026-03-19 21:31:47,68,CT-014,voice
CALL-000367,+919000015123,+919000014892,2026-03-19 21:38:55,19,CT-015,voice
CALL-000368,+919000014417,+919000014503,2026-03-19 22:06:12,85,CT-015,voice
CALL-000369,+919000017085,+919000017142,2026-03-19 22:17:00,0,CT-022,sms
CALL-000370,+919000018465,+919000017079,2026-03-19 22:28:56,237,CT-001,voice
CALL-000371,+919000016201,+919000017016,2026-03-20 01:05:22,332,CT-004,voice
CALL-000372,+919000017004,+919000017121,2026-03-20 01:48:19,88,CT-006,voice
CALL-000373,+919000014892,+919000014907,2026-03-20 02:21:44,0,CT-020,sms
CALL-000374,+919000016201,+919000017124,2026-03-20 02:50:46,205,CT-004,voice
CALL-000375,+919000016201,+919000017058,2026-03-20 03:02:29,351,CT-004,voice
CALL-000376,+919000018793,+919000015014,2026-03-20 03:15:56,0,CT-002,sms
CALL-000377,+919000016201,+919000017028,2026-03-20 03:17:59,63,CT-004,voice
CALL-000378,+919000016201,+919000017058,2026-03-20 03:37:12,254,CT-004,voice
CALL-000379,+919000016201,+919000017025,2026-03-20 04:49:23,250,CT-004,voice
CALL-000380,+919000017157,+919000017133,2026-03-20 08:15:28,534,CT-011,voice
CALL-000381,+919000011012,+919000014417,2026-03-20 09:17:00,262,CT-024,voice
CALL-000382,+919000017061,+919000017124,2026-03-20 11:12:57,0,CT-001,sms
CALL-000383,+919000016340,+919000017082,2026-03-20 13:47:14,573,CT-016,voice
CALL-000384,+919000016340,+919000017121,2026-03-20 15:47:11,424,CT-016,voice
CALL-000385,+919000015240,+919000017118,2026-03-20 17:05:39,289,CT-021,voice
CALL-000386,+919000017007,+919000017100,2026-03-20 19:34:43,0,CT-019,sms
CALL-000387,+919000017049,+919000017163,2026-03-20 23:35:29,198,CT-016,voice
CALL-000388,+919000017031,+919000016412,2026-03-21 00:06:39,0,CT-016,sms
CALL-000389,+919000011809,+919000011593,2026-03-21 02:27:18,133,CT-012,voice
CALL-000390,+919000016340,+919000017070,2026-03-21 03:00:45,244,CT-016,voice
CALL-000391,+919000014417,+919000014503,2026-03-21 04:28:21,0,CT-003,sms
CALL-000392,+919000016503,+919000017028,2026-03-21 07:50:01,448,CT-007,voice
CALL-000393,+919000011145,+919000011376,2026-03-21 07:57:24,0,CT-022,sms
CALL-000394,+919000011482,+919000011593,2026-03-21 10:10:31,326,CT-007,voice
CALL-000395,+919000016340,+919000017007,2026-03-21 10:29:29,185,CT-016,voice
CALL-000396,+919000017010,+919000017124,2026-03-21 10:45:41,584,CT-001,voice
CALL-000397,+919000015240,+919000017118,2026-03-21 12:33:55,628,CT-021,voice
CALL-000398,+919000011482,+919000011593,2026-03-21 12:57:41,26,CT-007,voice
CALL-000399,+919000017094,+919000017121,2026-03-21 13:02:19,159,CT-012,voice
CALL-000400,+919000011701,+919000018465,2026-03-21 16:29:23,456,CT-001,voice
CALL-000401,+919000017052,+919000017109,2026-03-21 16:46:37,271,CT-007,voice
CALL-000402,+919000017031,+919000017151,2026-03-21 16:52:24,496,CT-021,voice
CALL-000403,+919000011376,+919000011482,2026-03-21 17:05:07,590,CT-011,voice
CALL-000404,+919000014503,+919000014907,2026-03-21 18:22:27,0,CT-009,sms
CALL-000405,+919000011482,+919000011593,2026-03-21 19:53:26,306,CT-006,voice
CALL-000406,+919000017061,+919000017106,2026-03-21 19:56:18,0,CT-012,sms
CALL-000407,+919000011376,+919000011482,2026-03-21 20:19:27,0,CT-011,sms
CALL-000408,+919000014417,+919000014503,2026-03-21 21:05:36,12,CT-003,voice
CALL-000409,+919000017067,+919000016201,2026-03-22 03:35:32,208,CT-004,voice
CALL-000410,+919000017028,+919000016201,2026-03-22 03:39:45,208,CT-004,voice
CALL-000411,+919000017058,+919000016201,2026-03-22 03:44:31,82,CT-004,voice
CALL-000412,+919000016340,+919000017127,2026-03-22 05:53:19,51,CT-016,voice
CALL-000413,+919000011376,+919000011482,2026-03-22 08:59:34,450,CT-022,voice
CALL-000414,+919000017016,+919000014417,2026-03-22 08:59:44,92,CT-007,voice
CALL-000415,+919000011012,+919000011145,2026-03-22 09:01:36,636,CT-001,voice
CALL-000416,+919000017079,+919000014907,2026-03-22 12:17:29,246,CT-016,voice
CALL-000417,+919000016340,+919000016503,2026-03-22 14:18:43,421,CT-016,voice
CALL-000418,+919000017160,+919000017076,2026-03-22 14:24:32,589,CT-009,voice
CALL-000419,+919000011376,+919000011482,2026-03-22 14:45:09,48,CT-010,voice
CALL-000420,+919000017160,+919000017076,2026-03-22 15:45:23,332,CT-017,voice
CALL-000421,+919000014420,+919000016412,2026-03-22 16:02:10,50,CT-003,voice
CALL-000422,+919000014503,+919000014907,2026-03-22 17:51:54,473,CT-021,voice
CALL-000423,+919000016201,+919000017007,2026-03-23 00:36:13,104,CT-013,voice
CALL-000424,+919000017016,+919000016201,2026-03-23 02:47:06,339,CT-004,voice
CALL-000425,+919000017022,+919000017049,2026-03-23 03:15:47,310,CT-013,voice
CALL-000426,+919000017142,+919000017007,2026-03-23 04:00:01,345,CT-023,voice
CALL-000427,+919000017148,+919000018546,2026-03-23 04:04:33,594,CT-013,voice
CALL-000428,+919000017028,+919000016201,2026-03-23 04:18:31,419,CT-004,voice
CALL-000429,+919000011482,+919000011593,2026-03-23 06:28:32,258,CT-018,voice
CALL-000430,+919000017085,+919000017016,2026-03-23 07:32:47,24,CT-024,voice
CALL-000431,+919000011482,+919000011593,2026-03-23 07:42:35,126,CT-022,voice
CALL-000432,+919000011238,+919000011644,2026-03-23 08:13:34,439,CT-012,voice
CALL-000433,+919000016503,+919000017028,2026-03-23 08:44:15,620,CT-007,voice
CALL-000434,+919000014661,+919000014892,2026-03-23 09:08:11,166,CT-020,voice
CALL-000435,+919000018465,+919000017103,2026-03-23 09:08:17,588,CT-007,voice
CALL-000436,+919000011012,+919000011145,2026-03-23 09:16:44,60,CT-018,voice
CALL-000437,+919000011482,+919000011593,2026-03-23 09:25:30,504,CT-022,voice
CALL-000438,+919000011012,+919000011644,2026-03-23 10:40:42,162,CT-001,voice
CALL-000439,+919000016412,+919000017073,2026-03-23 17:40:56,39,CT-009,voice
CALL-000440,+919000011593,+919000017154,2026-03-23 17:40:59,74,CT-008,voice
CALL-000441,+919000017106,+919000017082,2026-03-23 20:51:45,601,CT-019,voice
CALL-000442,+919000015123,+919000014892,2026-03-23 22:36:36,0,CT-018,sms
CALL-000443,+919000017160,+919000017025,2026-03-23 23:03:55,579,CT-023,voice
CALL-000444,+919000014892,+919000014907,2026-03-23 23:14:25,630,CT-020,voice
CALL-000445,+919000011012,+919000011644,2026-03-24 00:18:17,0,CT-019,sms
CALL-000446,+919000016412,+919000016577,2026-03-24 02:06:48,94,CT-009,voice
CALL-000447,+919000011644,+919000011593,2026-03-24 04:17:29,0,CT-010,sms
CALL-000448,+919000017160,+919000017025,2026-03-24 07:25:23,564,CT-022,voice
CALL-000449,+919000017145,+919000017055,2026-03-24 08:08:22,315,CT-025,voice
CALL-000450,+919000017046,+919000017043,2026-03-24 08:37:55,0,CT-009,sms
CALL-000451,+919000016412,+919000016201,2026-03-24 13:14:36,547,CT-009,voice
CALL-000452,+919000011376,+919000011482,2026-03-24 13:44:38,261,CT-017,voice
CALL-000453,+919000017073,+919000017025,2026-03-24 13:46:21,133,CT-020,voice
CALL-000454,+919000015123,+919000014892,2026-03-24 14:55:24,299,CT-018,voice
CALL-000455,+919000017016,+919000014417,2026-03-24 15:27:25,329,CT-001,voice
CALL-000456,+919000016288,+919000017010,2026-03-24 16:26:00,296,CT-013,voice
CALL-000457,+919000014503,+919000015014,2026-03-24 16:43:41,234,CT-022,voice
CALL-000458,+919000016340,+919000017139,2026-03-24 19:02:53,311,CT-016,voice
CALL-000459,+919000017133,+919000014661,2026-03-24 19:15:55,376,CT-026,voice
CALL-000460,+919000014417,+919000014503,2026-03-24 19:43:16,88,CT-004,voice
CALL-000461,+919000017148,+919000017154,2026-03-24 20:25:21,35,CT-014,voice
CALL-000462,+919000014503,+919000014907,2026-03-25 01:01:13,0,CT-021,sms
CALL-000463,+919000017142,+919000017082,2026-03-25 05:23:20,53,CT-007,voice
CALL-000464,+919000017145,+919000017055,2026-03-25 06:17:37,334,CT-022,voice
CALL-000465,+919000017049,+919000017127,2026-03-25 06:55:17,164,CT-001,voice
CALL-000466,+919000011145,+919000011238,2026-03-25 08:41:03,567,CT-024,voice
CALL-000467,+919000017028,+919000017103,2026-03-25 08:53:21,323,CT-008,voice
CALL-000468,+919000014417,+919000011145,2026-03-25 10:05:00,70,CT-003,voice
CALL-000469,+919000014417,+919000014503,2026-03-25 11:14:49,173,CT-003,voice
CALL-000470,+919000016412,+919000016577,2026-03-25 11:18:55,22,CT-009,voice
CALL-000471,+919000017154,+919000016340,2026-03-25 14:26:34,0,CT-017,sms
CALL-000472,+919000014417,+919000014503,2026-03-25 16:07:54,545,CT-015,voice
CALL-000473,+919000017133,+919000017061,2026-03-25 16:37:37,0,CT-013,sms
CALL-000474,+919000011145,+919000011238,2026-03-25 16:56:33,603,CT-022,voice
CALL-000475,+919000016288,+919000018855,2026-03-25 17:37:37,232,CT-013,voice
CALL-000476,+919000017106,+919000016288,2026-03-25 19:39:10,0,CT-010,sms
CALL-000477,+919000014892,+919000014907,2026-03-25 19:55:33,81,CT-013,voice
CALL-000478,+919000016340,+919000017136,2026-03-25 20:44:07,553,CT-016,voice
CALL-000479,+919000014503,+919000015014,2026-03-25 21:51:24,544,CT-021,voice
CALL-000480,+919000014503,+919000015014,2026-03-25 22:53:29,333,CT-021,voice
CALL-000481,+919000017142,+919000014907,2026-03-26 00:20:03,29,CT-009,voice
CALL-000482,+919000017016,+919000011238,2026-03-26 00:42:58,123,CT-003,voice
CALL-000483,+919000017148,+919000016201,2026-03-26 01:54:10,104,CT-004,voice
CALL-000484,+919000017028,+919000016201,2026-03-26 02:20:21,130,CT-004,voice
CALL-000485,+919000016503,+919000016577,2026-03-26 04:37:07,272,CT-007,voice
CALL-000486,+919000016340,+919000017010,2026-03-26 06:01:14,85,CT-016,voice
CALL-000487,+919000011012,+919000011145,2026-03-26 07:03:18,49,CT-001,voice
CALL-000488,+919000016412,+919000016577,2026-03-26 08:09:54,238,CT-009,voice
CALL-000489,+919000017148,+919000017085,2026-03-26 13:49:36,387,CT-013,voice
CALL-000490,+919000011012,+919000011644,2026-03-26 14:36:27,513,CT-005,voice
CALL-000491,+919000014661,+919000014892,2026-03-26 14:58:12,212,CT-008,voice
CALL-000492,+919000016340,+919000017037,2026-03-26 15:45:10,0,CT-016,sms
CALL-000493,+919000017001,+919000016577,2026-03-26 17:03:18,104,CT-009,voice
CALL-000494,+919000014417,+919000014892,2026-03-26 18:03:00,42,CT-020,voice
CALL-000495,+919000011012,+919000011145,2026-03-26 20:00:26,230,CT-001,voice
CALL-000496,+919000017070,+919000011593,2026-03-26 20:13:53,561,CT-014,voice
CALL-000497,+919000017097,+919000018429,2026-03-26 21:15:12,0,CT-025,sms
CALL-000498,+919000017019,+919000017028,2026-03-26 23:29:30,379,CT-004,voice
CALL-000499,+919000017058,+919000016201,2026-03-27 01:24:13,166,CT-004,voice
CALL-000500,+919000016201,+919000017121,2026-03-27 02:04:37,145,CT-004,voice
CALL-000501,+919000016201,+919000017076,2026-03-27 02:11:13,288,CT-004,voice
CALL-000502,+919000011145,+919000011376,2026-03-27 02:44:00,564,CT-022,voice
CALL-000503,+919000016201,+919000017148,2026-03-27 02:50:07,44,CT-004,voice
CALL-000504,+919000017022,+919000018546,2026-03-27 03:01:48,0,CT-014,sms
CALL-000505,+919000017064,+919000016201,2026-03-27 03:04:48,237,CT-004,voice
CALL-000506,+919000017148,+919000016201,2026-03-27 04:18:13,127,CT-004,voice
CALL-000507,+919000011012,+919000017127,2026-03-27 05:54:10,439,CT-001,voice
CALL-000508,+919000011012,+919000011238,2026-03-27 05:56:12,467,CT-001,voice
CALL-000509,+919000018465,+919000017103,2026-03-27 06:58:24,281,CT-019,voice
CALL-000510,+919000016340,+919000011593,2026-03-27 08:46:18,133,CT-016,voice
CALL-000511,+919000017100,+919000017061,2026-03-27 09:35:22,252,CT-025,voice
CALL-000512,+919000016340,+919000017052,2026-03-27 12:48:14,584,CT-016,voice
CALL-000513,+919000018623,+919000017103,2026-03-27 12:55:16,177,CT-010,voice
CALL-000514,+919000011012,+919000014417,2026-03-27 13:55:00,141,CT-021,voice
CALL-000515,+919000011701,+919000018465,2026-03-27 15:00:16,333,CT-001,voice
CALL-000516,+919000016340,+919000017061,2026-03-27 16:27:03,530,CT-016,voice
CALL-000517,+919000011482,+919000011593,2026-03-27 20:55:13,159,CT-007,voice
CALL-000518,+919000017139,+919000016201,2026-03-28 01:27:43,201,CT-004,voice
CALL-000519,+919000017052,+919000018465,2026-03-28 02:36:01,0,CT-025,sms
CALL-000520,+919000017157,+919000016201,2026-03-28 04:19:21,301,CT-004,voice
CALL-000521,+919000017148,+919000018546,2026-03-28 07:31:33,153,CT-002,voice
CALL-000522,+919000017097,+919000015377,2026-03-28 09:14:54,281,CT-011,voice
CALL-000523,+919000011593,+919000017154,2026-03-28 15:56:54,387,CT-008,voice
CALL-000524,+919000016503,+919000015014,2026-03-28 17:39:28,390,CT-005,voice
CALL-000525,+919000017055,+919000016340,2026-03-28 17:56:12,31,CT-002,voice
CALL-000526,+919000017073,+919000014892,2026-03-28 18:19:28,428,CT-007,voice
CALL-000527,+919000016503,+919000016577,2026-03-28 18:34:14,152,CT-007,voice
CALL-000528,+919000017004,+919000017079,2026-03-28 21:09:44,152,CT-001,voice
CALL-000529,+919000014503,+919000014892,2026-03-28 21:50:00,77,CT-015,voice
CALL-000530,+919000014661,+919000015123,2026-03-28 22:04:00,51,CT-014,voice
CALL-000531,+919000017148,+919000018546,2026-03-28 22:18:41,133,CT-023,voice
CALL-000532,+919000014503,+919000015014,2026-03-28 22:22:12,434,CT-007,voice
CALL-000533,+919000016503,+919000015123,2026-03-28 22:53:36,0,CT-014,sms
CALL-000534,+919000011593,+919000017097,2026-03-28 23:56:47,126,CT-008,voice
CALL-000535,+919000017001,+919000017082,2026-03-29 01:17:10,291,CT-011,voice
CALL-000536,+919000017004,+919000017079,2026-03-29 04:32:16,0,CT-014,sms
CALL-000537,+919000016412,+919000017118,2026-03-29 05:01:18,38,CT-009,voice
CALL-000538,+919000017097,+919000018429,2026-03-29 06:00:17,185,CT-009,voice
CALL-000539,+919000017055,+919000016340,2026-03-29 06:38:54,387,CT-022,voice
CALL-000540,+919000016503,+919000016577,2026-03-29 08:45:41,312,CT-007,voice
CALL-000541,+919000011145,+919000011376,2026-03-29 13:25:58,215,CT-009,voice
CALL-000542,+919000011145,+919000011376,2026-03-29 14:00:01,233,CT-022,voice
CALL-000543,+919000017037,+919000017097,2026-03-29 16:43:18,383,CT-024,voice
CALL-000544,+919000014661,+919000015123,2026-03-29 17:56:30,98,CT-013,voice
CALL-000545,+919000014417,+919000014892,2026-03-29 18:26:00,114,CT-006,voice
CALL-000546,+919000018429,+919000014907,2026-03-29 19:57:43,640,CT-005,voice
CALL-000547,+919000011593,+919000017097,2026-03-29 21:09:35,143,CT-008,voice
CALL-000548,+919000017049,+919000018465,2026-03-30 00:26:11,309,CT-006,voice
CALL-000549,+919000018429,+919000017055,2026-03-30 08:03:43,503,CT-020,voice
CALL-000550,+919000017070,+919000017115,2026-03-30 08:31:54,511,CT-004,voice
CALL-000551,+919000014661,+919000015123,2026-03-30 09:18:03,291,CT-011,voice
CALL-000552,+919000016288,+919000017052,2026-03-30 11:39:00,494,CT-013,voice
CALL-000553,+919000017052,+919000017028,2026-03-30 11:49:27,0,CT-002,sms
CALL-000554,+919000014420,+919000017028,2026-03-30 13:10:07,106,CT-003,voice
CALL-000555,+919000017061,+919000017124,2026-03-30 14:46:46,211,CT-013,voice
CALL-000556,+919000015123,+919000014892,2026-03-30 16:30:54,157,CT-018,voice
CALL-000557,+919000016412,+919000016577,2026-03-30 17:39:32,170,CT-009,voice
CALL-000558,+919000014503,+919000014661,2026-03-30 19:15:16,69,CT-021,voice
CALL-000559,+919000018793,+919000015014,2026-03-30 20:11:51,294,CT-015,voice
CALL-000560,+919000014420,+919000016412,2026-03-30 23:53:18,119,CT-003,voice
CALL-000561,+919000016201,+919000017121,2026-03-31 03:22:39,43,CT-004,voice
CALL-000562,+919000016201,+919000017031,2026-03-31 04:25:11,255,CT-004,voice
CALL-000563,+919000014503,+919000014661,2026-03-31 06:25:37,395,CT-021,voice
CALL-000564,+919000017136,+919000016340,2026-03-31 08:34:47,571,CT-015,voice
CALL-000565,+919000014503,+919000015014,2026-03-31 10:09:55,326,CT-021,voice
CALL-000566,+919000017094,+919000017121,2026-03-31 11:36:10,160,CT-021,voice
CALL-000567,+919000017004,+919000017121,2026-03-31 12:09:18,560,CT-018,voice
CALL-000568,+919000017106,+919000016288,2026-03-31 12:28:34,0,CT-025,sms
CALL-000569,+919000016201,+919000017130,2026-03-31 13:44:53,75,CT-004,voice
CALL-000570,+919000017097,+919000018429,2026-03-31 14:44:27,288,CT-018,voice
CALL-000571,+919000017157,+919000017004,2026-03-31 15:57:05,206,CT-013,voice
CALL-000572,+919000011701,+919000014420,2026-03-31 21:30:00,82,CT-001,voice
CALL-000573,+919000017157,+919000017004,2026-03-31 23:03:23,289,CT-019,voice
CALL-000574,+919000016201,+919000017130,2026-04-01 00:52:57,76,CT-018,voice
CALL-000575,+919000016201,+919000017067,2026-04-01 01:09:41,350,CT-004,voice
CALL-000576,+919000017058,+919000016201,2026-04-01 01:10:30,328,CT-004,voice
CALL-000577,+919000011145,+919000011376,2026-04-01 02:07:38,377,CT-004,voice
CALL-000578,+919000017028,+919000016201,2026-04-01 03:35:59,382,CT-004,voice
CALL-000579,+919000017031,+919000016201,2026-04-01 03:44:57,397,CT-004,voice
CALL-000580,+919000011145,+919000011238,2026-04-01 12:14:07,118,CT-006,voice
CALL-000581,+919000016201,+919000017007,2026-04-01 13:56:29,280,CT-004,voice
CALL-000582,+919000016412,+919000016201,2026-04-01 14:16:17,81,CT-006,voice
CALL-000583,+919000017100,+919000017160,2026-04-01 18:10:01,360,CT-003,voice
CALL-000584,+919000016577,+919000011644,2026-04-01 21:10:24,425,CT-008,voice
CALL-000585,+919000014892,+919000014907,2026-04-01 22:58:23,291,CT-020,voice
CALL-000586,+919000011012,+919000011644,2026-04-02 00:41:55,265,CT-001,voice
CALL-000587,+919000017028,+919000016201,2026-04-02 02:43:07,90,CT-004,voice
CALL-000588,+919000017148,+919000016201,2026-04-02 03:35:44,59,CT-004,voice
CALL-000589,+919000017064,+919000016201,2026-04-02 03:42:15,195,CT-004,voice
CALL-000590,+919000016340,+919000017055,2026-04-02 05:46:10,327,CT-016,voice
CALL-000591,+919000014420,+919000017028,2026-04-02 05:49:22,0,CT-003,sms
CALL-000592,+919000011012,+919000017127,2026-04-02 07:52:15,0,CT-025,sms
CALL-000593,+919000011644,+919000011593,2026-04-02 08:40:37,590,CT-010,voice
CALL-000594,+919000016577,+919000011644,2026-04-02 10:59:08,121,CT-008,voice
CALL-000595,+919000017022,+919000017049,2026-04-02 12:21:13,415,CT-002,voice
CALL-000596,+919000011012,+919000015014,2026-04-02 12:56:23,33,CT-016,voice
CALL-000597,+919000014417,+919000011145,2026-04-02 17:44:00,292,CT-022,voice
CALL-000598,+919000015123,+919000014892,2026-04-02 17:48:12,293,CT-001,voice
CALL-000599,+919000017010,+919000017124,2026-04-02 18:01:42,327,CT-023,voice
CALL-000600,+919000017100,+919000017025,2026-04-02 19:23:13,62,CT-004,voice
CALL-000601,+919000017148,+919000017154,2026-04-03 03:39:44,175,CT-016,voice
CALL-000602,+919000017115,+919000017103,2026-04-03 04:23:24,291,CT-006,voice
CALL-000603,+919000017127,+919000017010,2026-04-03 05:24:32,399,CT-006,voice
CALL-000604,+919000017133,+919000017061,2026-04-03 05:38:20,219,CT-014,voice
CALL-000605,+919000015123,+919000014892,2026-04-03 05:50:46,58,CT-007,voice
CALL-000606,+919000017100,+919000017025,2026-04-03 10:39:16,189,CT-004,voice
CALL-000607,+919000017088,+919000018793,2026-04-03 13:47:56,249,CT-020,voice
CALL-000608,+919000011012,+919000017127,2026-04-03 16:26:01,110,CT-019,voice
CALL-000609,+919000014892,+919000014417,2026-04-03 17:20:00,36,CT-020,voice
CALL-000610,+919000016288,+919000018855,2026-04-03 17:58:23,52,CT-013,voice
CALL-000611,+919000017061,+919000017124,2026-04-03 18:28:45,245,CT-021,voice
CALL-000612,+919000017061,+919000017124,2026-04-03 19:29:50,281,CT-009,voice
CALL-000613,+919000017097,+919000018429,2026-04-03 20:04:42,562,CT-024,voice
CALL-000614,+919000014503,+919000014907,2026-04-03 22:09:59,607,CT-021,voice
CALL-000615,+919000016503,+919000015377,2026-04-03 23:01:05,0,CT-007,sms
CALL-000616,+919000017019,+919000017028,2026-04-03 23:11:23,58,CT-007,voice
CALL-000617,+919000017049,+919000017127,2026-04-04 00:09:12,304,CT-007,voice
CALL-000618,+919000011482,+919000016288,2026-04-04 00:58:54,125,CT-007,voice
CALL-000619,+919000017052,+919000017109,2026-04-04 01:14:38,0,CT-015,sms
CALL-000620,+919000016201,+919000017031,2026-04-04 02:39:37,51,CT-004,voice
CALL-000621,+919000016201,+919000017028,2026-04-04 03:05:39,415,CT-004,voice
CALL-000622,+919000017031,+919000016201,2026-04-04 04:00:11,369,CT-004,voice
CALL-000623,+919000017052,+919000017139,2026-04-04 04:30:00,0,CT-025,sms
CALL-000624,+919000015123,+919000014892,2026-04-04 05:39:54,487,CT-018,voice
CALL-000625,+919000011482,+919000016288,2026-04-04 06:53:47,441,CT-007,voice
CALL-000626,+919000017127,+919000017058,2026-04-04 07:20:52,532,CT-001,voice
CALL-000627,+919000014503,+919000017148,2026-04-04 09:39:42,49,CT-021,voice
CALL-000628,+919000014420,+919000017028,2026-04-04 10:47:56,52,CT-003,voice
CALL-000629,+919000017133,+919000017061,2026-04-04 12:01:13,0,CT-007,sms
CALL-000630,+919000016340,+919000017076,2026-04-04 12:02:04,462,CT-016,voice
CALL-000631,+919000011012,+919000011644,2026-04-04 13:44:06,81,CT-001,voice
CALL-000632,+919000011482,+919000017061,2026-04-04 17:28:38,615,CT-007,voice
CALL-000633,+919000011376,+919000011482,2026-04-04 18:30:04,274,CT-010,voice
CALL-000634,+919000017148,+919000018546,2026-04-04 18:41:10,134,CT-018,voice
CALL-000635,+919000014661,+919000017139,2026-04-04 21:00:03,508,CT-016,voice
CALL-000636,+919000016288,+919000018855,2026-04-04 22:00:56,124,CT-013,voice
CALL-000637,+919000017076,+919000017097,2026-04-04 22:44:31,0,CT-002,sms
CALL-000638,+919000017157,+919000017004,2026-04-04 22:48:35,187,CT-015,voice
CALL-000639,+919000017007,+919000017100,2026-04-04 22:53:06,0,CT-026,sms
CALL-000640,+919000011145,+919000011238,2026-04-05 01:26:13,0,CT-006,sms
CALL-000641,+919000014417,+919000014503,2026-04-05 03:43:50,98,CT-003,voice
CALL-000642,+919000016340,+919000017043,2026-04-05 04:01:40,160,CT-016,voice
CALL-000643,+919000011482,+919000011593,2026-04-05 05:57:26,363,CT-007,voice
CALL-000644,+919000018429,+919000017148,2026-04-05 06:05:50,478,CT-012,voice
CALL-000645,+919000017130,+919000017103,2026-04-05 08:59:15,227,CT-018,voice
CALL-000646,+919000017163,+919000017025,2026-04-05 09:05:27,296,CT-006,voice
CALL-000647,+919000016577,+919000017010,2026-04-05 10:59:05,331,CT-002,voice
CALL-000648,+919000016412,+919000016201,2026-04-05 12:49:28,541,CT-014,voice
CALL-000649,+919000017139,+919000017085,2026-04-05 19:31:11,78,CT-015,voice
CALL-000650,+919000017049,+919000018465,2026-04-05 19:47:21,35,CT-026,voice
CALL-000651,+919000011012,+919000011238,2026-04-05 21:13:47,268,CT-001,voice
CALL-000652,+919000015123,+919000014892,2026-04-05 22:27:07,518,CT-018,voice
CALL-000653,+919000017064,+919000016201,2026-04-06 01:50:26,324,CT-004,voice
CALL-000654,+919000017100,+919000017061,2026-04-06 01:59:41,0,CT-015,sms
CALL-000655,+919000011376,+919000011482,2026-04-06 02:54:35,60,CT-011,voice
CALL-000656,+919000011145,+919000011376,2026-04-06 03:21:13,0,CT-017,sms
CALL-000657,+919000016201,+919000017016,2026-04-06 04:53:03,159,CT-004,voice
CALL-000658,+919000017022,+919000018546,2026-04-06 05:02:57,228,CT-004,voice
CALL-000659,+919000017022,+919000017049,2026-04-06 06:25:29,371,CT-015,voice
CALL-000660,+919000014503,+919000014907,2026-04-06 07:58:08,0,CT-021,sms
CALL-000661,+919000016201,+919000017007,2026-04-06 09:55:07,0,CT-004,sms
CALL-000662,+919000016412,+919000016201,2026-04-06 10:47:30,96,CT-009,voice
CALL-000663,+919000017160,+919000017025,2026-04-06 11:00:13,332,CT-002,voice
CALL-000664,+919000011012,+919000011145,2026-04-06 12:53:34,220,CT-022,voice
CALL-000665,+919000017115,+919000017118,2026-04-06 15:11:04,0,CT-018,sms
CALL-000666,+919000016577,+919000011644,2026-04-06 17:23:35,238,CT-002,voice
CALL-000667,+919000017163,+919000016201,2026-04-06 17:33:07,0,CT-025,sms
CALL-000668,+919000011012,+919000014417,2026-04-06 18:09:00,328,CT-005,voice
CALL-000669,+919000017013,+919000017040,2026-04-06 19:36:27,465,CT-020,voice
CALL-000670,+919000014503,+919000014661,2026-04-06 21:24:50,0,CT-021,sms
CALL-000671,+919000017103,+919000017055,2026-04-07 01:01:12,414,CT-023,voice
CALL-000672,+919000016201,+919000017058,2026-04-07 02:48:54,240,CT-004,voice
CALL-000673,+919000016201,+919000017121,2026-04-07 03:13:17,349,CT-004,voice
CALL-000674,+919000017142,+919000017082,2026-04-07 03:19:21,227,CT-006,voice
CALL-000675,+919000016503,+919000015377,2026-04-07 03:38:22,56,CT-007,voice
CALL-000676,+919000011593,+919000017094,2026-04-07 04:21:11,348,CT-008,voice
CALL-000677,+919000017103,+919000017055,2026-04-07 04:45:21,368,CT-026,voice
CALL-000678,+919000017049,+919000017163,2026-04-07 06:52:10,415,CT-025,voice
CALL-000679,+919000017160,+919000017076,2026-04-07 08:56:55,77,CT-024,voice
CALL-000680,+919000017031,+919000017091,2026-04-07 09:48:42,561,CT-026,voice
CALL-000681,+919000017001,+919000017082,2026-04-07 10:22:34,634,CT-005,voice
CALL-000682,+919000017154,+919000016340,2026-04-07 12:43:44,187,CT-003,voice
CALL-000683,+919000017013,+919000014420,2026-04-07 14:40:13,144,CT-017,voice
CALL-000684,+919000017070,+919000011593,2026-04-07 14:58:52,432,CT-014,voice
CALL-000685,+919000016340,+919000017085,2026-04-07 17:39:01,618,CT-016,voice
CALL-000686,+919000014661,+919000014503,2026-04-07 20:58:00,60,CT-014,voice
CALL-000687,+919000014907,+919000014503,2026-04-07 21:26:00,93,CT-015,voice
CALL-000688,+919000018429,+919000017055,2026-04-07 21:34:59,591,CT-020,voice
CALL-000689,+919000011012,+919000011376,2026-04-07 22:42:18,0,CT-022,sms
CALL-000690,+919000014661,+919000015123,2026-04-08 00:20:31,14,CT-016,voice
CALL-000691,+919000017001,+919000017082,2026-04-08 01:24:36,492,CT-002,voice
CALL-000692,+919000017154,+919000017151,2026-04-08 02:04:11,514,CT-021,voice
CALL-000693,+919000017055,+919000017022,2026-04-08 09:19:34,603,CT-023,voice
CALL-000694,+919000017085,+919000017016,2026-04-08 11:08:34,394,CT-007,voice
CALL-000695,+919000016340,+919000011593,2026-04-08 13:36:29,103,CT-016,voice
CALL-000696,+919000017157,+919000017133,2026-04-08 13:46:53,186,CT-020,voice
CALL-000697,+919000014892,+919000014417,2026-04-08 17:45:00,90,CT-002,voice
CALL-000698,+919000014417,+919000015014,2026-04-08 18:17:23,624,CT-003,voice
CALL-000699,+919000017076,+919000017097,2026-04-08 19:35:22,0,CT-004,sms
CALL-000700,+919000017031,+919000016412,2026-04-08 20:57:29,512,CT-013,voice
CALL-000701,+919000014503,+919000015014,2026-04-08 21:33:21,23,CT-021,voice
CALL-000702,+919000017124,+919000017010,2026-04-09 02:24:54,0,CT-007,sms
CALL-000703,+919000014661,+919000015123,2026-04-09 10:55:42,0,CT-023,sms
CALL-000704,+919000017031,+919000017121,2026-04-09 12:06:17,597,CT-012,voice
CALL-000705,+919000016412,+919000016577,2026-04-09 13:54:27,332,CT-025,voice
CALL-000706,+919000015123,+919000014892,2026-04-09 14:05:58,550,CT-019,voice
CALL-000707,+919000011238,+919000011593,2026-04-09 18:12:46,118,CT-012,voice
CALL-000708,+919000017145,+919000017034,2026-04-09 19:09:08,0,CT-012,sms
CALL-000709,+919000017031,+919000017151,2026-04-09 20:02:09,201,CT-018,voice
CALL-000710,+919000016201,+919000017121,2026-04-10 01:45:20,49,CT-004,voice
CALL-000711,+919000014661,+919000014892,2026-04-10 02:00:13,183,CT-002,voice
CALL-000712,+919000016340,+919000017055,2026-04-10 02:26:50,18,CT-016,voice
CALL-000713,+919000016201,+919000017067,2026-04-10 03:44:42,317,CT-004,voice
CALL-000714,+919000016340,+919000017076,2026-04-10 06:15:22,583,CT-016,voice
CALL-000715,+919000016503,+919000015014,2026-04-10 09:03:48,0,CT-007,sms
CALL-000716,+919000015014,+919000017040,2026-04-10 10:48:19,548,CT-005,voice
CALL-000717,+919000011012,+919000011644,2026-04-10 10:48:30,194,CT-001,voice
CALL-000718,+919000017052,+919000017028,2026-04-10 14:50:22,409,CT-014,voice
CALL-000719,+919000014661,+919000015123,2026-04-10 14:55:14,110,CT-016,voice
CALL-000720,+919000016201,+919000017121,2026-04-10 15:30:36,519,CT-008,voice
CALL-000721,+919000014892,+919000014907,2026-04-10 15:39:30,438,CT-020,voice
CALL-000722,+919000011012,+919000017127,2026-04-10 15:57:53,483,CT-001,voice
CALL-000723,+919000014892,+919000014907,2026-04-10 16:56:12,199,CT-020,voice
CALL-000724,+919000014417,+919000014503,2026-04-10 18:11:45,384,CT-003,voice
CALL-000725,+919000017055,+919000017061,2026-04-10 18:26:48,248,CT-015,voice
CALL-000726,+919000017007,+919000017010,2026-04-10 18:50:27,0,CT-013,sms
CALL-000727,+919000014661,+919000014892,2026-04-10 19:33:17,485,CT-016,voice
CALL-000728,+919000014661,+919000015123,2026-04-10 22:10:06,0,CT-012,sms
CALL-000729,+919000018429,+919000017148,2026-04-10 22:32:46,485,CT-013,voice
CALL-000730,+919000011701,+919000018465,2026-04-10 23:27:50,632,CT-001,voice
CALL-000731,+919000017031,+919000016201,2026-04-11 03:12:03,333,CT-004,voice
CALL-000732,+919000017127,+919000017058,2026-04-11 03:47:00,333,CT-024,voice
CALL-000733,+919000016201,+919000017025,2026-04-11 03:50:01,322,CT-004,voice
CALL-000734,+919000016503,+919000015014,2026-04-11 03:50:29,0,CT-007,sms
CALL-000735,+919000016201,+919000017064,2026-04-11 03:55:20,300,CT-004,voice
CALL-000736,+919000011482,+919000016288,2026-04-11 04:12:58,11,CT-007,voice
CALL-000737,+919000017133,+919000017061,2026-04-11 04:20:27,95,CT-008,voice
CALL-000738,+919000018793,+919000011376,2026-04-11 04:21:36,60,CT-006,voice
CALL-000739,+919000014503,+919000015014,2026-04-11 05:24:12,505,CT-021,voice
CALL-000740,+919000011238,+919000011593,2026-04-11 08:53:01,249,CT-012,voice
CALL-000741,+919000016577,+919000011644,2026-04-11 09:13:29,478,CT-018,voice
CALL-000742,+919000015123,+919000014892,2026-04-11 09:21:22,302,CT-018,voice
CALL-000743,+919000016503,+919000017028,2026-04-11 10:14:13,68,CT-007,voice
CALL-000744,+919000017013,+919000017040,2026-04-11 10:43:36,308,CT-005,voice
CALL-000745,+919000017088,+919000018793,2026-04-11 11:00:35,76,CT-015,voice
CALL-000746,+919000014417,+919000015014,2026-04-11 12:37:29,504,CT-003,voice
CALL-000747,+919000011012,+919000011238,2026-04-11 14:44:00,0,CT-001,sms
CALL-000748,+919000017157,+919000017133,2026-04-11 15:48:29,137,CT-020,voice
CALL-000749,+919000017001,+919000017082,2026-04-11 18:27:56,335,CT-010,voice
CALL-000750,+919000016288,+919000015377,2026-04-11 18:46:06,0,CT-013,sms
CALL-000751,+919000017163,+919000016201,2026-04-12 00:31:14,23,CT-004,voice
CALL-000752,+919000016201,+919000017031,2026-04-12 01:11:54,134,CT-004,voice
CALL-000753,+919000015377,+919000017034,2026-04-12 01:14:46,0,CT-013,sms
CALL-000754,+919000016201,+919000017028,2026-04-12 02:20:28,66,CT-004,voice
CALL-000755,+919000016201,+919000017001,2026-04-12 02:24:18,95,CT-004,voice
CALL-000756,+919000016201,+919000017124,2026-04-12 02:45:46,377,CT-004,voice
CALL-000757,+919000017157,+919000016201,2026-04-12 02:56:03,320,CT-004,voice
CALL-000758,+919000018465,+919000017079,2026-04-12 03:26:59,206,CT-010,voice
CALL-000759,+919000016201,+919000017064,2026-04-12 04:03:17,124,CT-004,voice
CALL-000760,+919000011593,+919000017154,2026-04-12 05:54:10,0,CT-022,sms
CALL-000761,+919000011644,+919000014420,2026-04-12 09:10:32,150,CT-010,voice
CALL-000762,+919000011644,+919000011593,2026-04-12 11:21:18,483,CT-010,voice
CALL-000763,+919000014420,+919000017028,2026-04-12 17:09:22,588,CT-003,voice
CALL-000764,+919000017034,+919000017013,2026-04-12 17:21:03,0,CT-006,sms
CALL-000765,+919000011238,+919000011593,2026-04-12 19:12:29,393,CT-017,voice
CALL-000766,+919000011593,+919000017097,2026-04-12 21:28:20,424,CT-026,voice
CALL-000767,+919000014892,+919000014907,2026-04-12 23:26:11,356,CT-003,voice
